{
    "vgg19": {
        "accuracy": 0.938977879481312,
        "roc_auc_macro": 0.9922252091766375,
        "precision_macro": 0.9385084538019951,
        "recall_macro": 0.9348057371096586,
        "f1_macro": 0.9351167668530522,
        "precision_per_class": {
            "glioma": 0.973384030418251,
            "meningioma": 0.8367952522255193,
            "notumor": 0.9925558312655087,
            "pituitary": 0.9512987012987013
        },
        "recall_per_class": {
            "glioma": 0.8533333333333334,
            "meningioma": 0.9215686274509803,
            "notumor": 0.9876543209876543,
            "pituitary": 0.9766666666666667
        },
        "f1_per_class": {
            "glioma": 0.9094138543516874,
            "meningioma": 0.8771384136858476,
            "notumor": 0.9900990099009901,
            "pituitary": 0.9638157894736842
        }
    },
    "resnet50": {
        "accuracy": 0.9702517162471396,
        "roc_auc_macro": 0.997620525952954,
        "precision_macro": 0.9703655658151598,
        "recall_macro": 0.9680954974582425,
        "f1_macro": 0.9688403061927514,
        "precision_per_class": {
            "glioma": 0.9859649122807017,
            "meningioma": 0.9135802469135802,
            "notumor": 0.9853300733496333,
            "pituitary": 0.9965870307167235
        },
        "recall_per_class": {
            "glioma": 0.9366666666666666,
            "meningioma": 0.9673202614379085,
            "notumor": 0.9950617283950617,
            "pituitary": 0.9733333333333334
        },
        "f1_per_class": {
            "glioma": 0.9606837606837607,
            "meningioma": 0.9396825396825397,
            "notumor": 0.9901719901719902,
            "pituitary": 0.984822934232715
        }
    },
    "efficientnet_b0": {
        "accuracy": 0.9176201372997712,
        "roc_auc_macro": 0.9898464963726796,
        "precision_macro": 0.923699728550385,
        "recall_macro": 0.9106245461147422,
        "f1_macro": 0.9118466553604578,
        "precision_per_class": {
            "glioma": 0.991304347826087,
            "meningioma": 0.778393351800554,
            "notumor": 0.9711538461538461,
            "pituitary": 0.9539473684210527
        },
        "recall_per_class": {
            "glioma": 0.76,
            "meningioma": 0.9183006535947712,
            "notumor": 0.9975308641975309,
            "pituitary": 0.9666666666666667
        },
        "f1_per_class": {
            "glioma": 0.8603773584905661,
            "meningioma": 0.8425787106446777,
            "notumor": 0.9841656516443362,
            "pituitary": 0.9602649006622517
        }
    },
    "ensemble": {
        "accuracy": 0.9572845156369184,
        "roc_auc_macro": 0.9976786870835895,
        "precision_macro": 0.9580882037244405,
        "recall_macro": 0.953745461147422,
        "f1_macro": 0.9542290793457873,
        "precision_per_class": {
            "glioma": 1.0,
            "meningioma": 0.8724035608308606,
            "notumor": 0.9926289926289926,
            "pituitary": 0.9673202614379085
        },
        "recall_per_class": {
            "glioma": 0.87,
            "meningioma": 0.9607843137254902,
            "notumor": 0.9975308641975309,
            "pituitary": 0.9866666666666667
        },
        "f1_per_class": {
            "glioma": 0.93048128342246,
            "meningioma": 0.9144634525660964,
            "notumor": 0.9950738916256158,
            "pituitary": 0.976897689768977
        },
        "average_confidence": 0.9574257731437683
    }
}