{
    "vgg19": {
        "accuracy": 0.3096872616323417,
        "roc_auc_macro": 0.624070949789673,
        "precision_macro": 0.32729007633587787,
        "recall_macro": 0.2508169934640523,
        "f1_macro": 0.11970446624438515,
        "precision_per_class": {
            "glioma": 0.0,
            "meningioma": 1.0,
            "notumor": 0.30916030534351147,
            "pituitary": 0.0
        },
        "recall_per_class": {
            "glioma": 0.0,
            "meningioma": 0.0032679738562091504,
            "notumor": 1.0,
            "pituitary": 0.0
        },
        "f1_per_class": {
            "glioma": 0.0,
            "meningioma": 0.006514657980456026,
            "notumor": 0.47230320699708456,
            "pituitary": 0.0
        }
    },
    "resnet50": {
        "accuracy": 0.9374523264683448,
        "roc_auc_macro": 0.997206771241064,
        "precision_macro": 0.9447974031031788,
        "recall_macro": 0.9364687726942629,
        "f1_macro": 0.9369951277872341,
        "precision_per_class": {
            "glioma": 0.9927272727272727,
            "meningioma": 0.8015873015873016,
            "notumor": 0.9922279792746114,
            "pituitary": 0.9926470588235294
        },
        "recall_per_class": {
            "glioma": 0.91,
            "meningioma": 0.9901960784313726,
            "notumor": 0.945679012345679,
            "pituitary": 0.9
        },
        "f1_per_class": {
            "glioma": 0.9495652173913044,
            "meningioma": 0.8859649122807017,
            "notumor": 0.9683944374209861,
            "pituitary": 0.9440559440559441
        }
    },
    "efficientnet_b0": {
        "accuracy": 0.9679633867276888,
        "roc_auc_macro": 0.9970114161413777,
        "precision_macro": 0.9670854058271061,
        "recall_macro": 0.9655265068990558,
        "f1_macro": 0.9657038850025526,
        "precision_per_class": {
            "glioma": 0.9893617021276596,
            "meningioma": 0.9630872483221476,
            "notumor": 0.9901960784313726,
            "pituitary": 0.9256965944272446
        },
        "recall_per_class": {
            "glioma": 0.93,
            "meningioma": 0.9379084967320261,
            "notumor": 0.9975308641975309,
            "pituitary": 0.9966666666666667
        },
        "f1_per_class": {
            "glioma": 0.9587628865979382,
            "meningioma": 0.9503311258278145,
            "notumor": 0.993849938499385,
            "pituitary": 0.9598715890850722
        }
    },
    "ensemble": {
        "accuracy": 0.9755911517925248,
        "roc_auc_macro": 0.9989101354060889,
        "precision_macro": 0.9754409628640057,
        "recall_macro": 0.9734640522875817,
        "f1_macro": 0.9740486521550922,
        "precision_per_class": {
            "glioma": 1.0,
            "meningioma": 0.952076677316294,
            "notumor": 0.9854014598540146,
            "pituitary": 0.9642857142857143
        },
        "recall_per_class": {
            "glioma": 0.93,
            "meningioma": 0.9738562091503268,
            "notumor": 1.0,
            "pituitary": 0.99
        },
        "f1_per_class": {
            "glioma": 0.9637305699481865,
            "meningioma": 0.962843295638126,
            "notumor": 0.9926470588235294,
            "pituitary": 0.9769736842105263
        },
        "average_confidence": 0.8928265571594238
    }
}