{
    "vgg19": {
        "accuracy": 0.36536994660564454,
        "roc_auc_macro": 0.6252943837085689,
        "precision_macro": 0.18361513687600645,
        "recall_macro": 0.34969135802469137,
        "f1_macro": 0.24028825130516265,
        "precision_per_class": {
            "glioma": 0.4025764895330113,
            "meningioma": 0.0,
            "notumor": 0.3318840579710145,
            "pituitary": 0.0
        },
        "recall_per_class": {
            "glioma": 0.8333333333333334,
            "meningioma": 0.0,
            "notumor": 0.5654320987654321,
            "pituitary": 0.0
        },
        "f1_per_class": {
            "glioma": 0.5428881650380022,
            "meningioma": 0.0,
            "notumor": 0.4182648401826484,
            "pituitary": 0.0
        }
    },
    "resnet50": {
        "accuracy": 0.9763539282990084,
        "roc_auc_macro": 0.9985221642475106,
        "precision_macro": 0.9756196257907581,
        "recall_macro": 0.9743790849673203,
        "f1_macro": 0.9749433832632579,
        "precision_per_class": {
            "glioma": 0.9829351535836177,
            "meningioma": 0.9451612903225807,
            "notumor": 0.9878048780487805,
            "pituitary": 0.9865771812080537
        },
        "recall_per_class": {
            "glioma": 0.96,
            "meningioma": 0.9575163398692811,
            "notumor": 1.0,
            "pituitary": 0.98
        },
        "f1_per_class": {
            "glioma": 0.9713322091062394,
            "meningioma": 0.9512987012987013,
            "notumor": 0.9938650306748467,
            "pituitary": 0.9832775919732442
        }
    },
    "efficientnet_b0": {
        "accuracy": 0.9855072463768116,
        "roc_auc_macro": 0.9995357710452815,
        "precision_macro": 0.986210788442092,
        "recall_macro": 0.9844281045751634,
        "f1_macro": 0.9851700401939172,
        "precision_per_class": {
            "glioma": 0.9867549668874173,
            "meningioma": 0.9897610921501706,
            "notumor": 0.9782608695652174,
            "pituitary": 0.9900662251655629
        },
        "recall_per_class": {
            "glioma": 0.9933333333333333,
            "meningioma": 0.9477124183006536,
            "notumor": 1.0,
            "pituitary": 0.9966666666666667
        },
        "f1_per_class": {
            "glioma": 0.9900332225913622,
            "meningioma": 0.9682804674457429,
            "notumor": 0.989010989010989,
            "pituitary": 0.9933554817275747
        }
    },
    "ensemble": {
        "accuracy": 0.9839816933638444,
        "roc_auc_macro": 0.9988720707863612,
        "precision_macro": 0.9848065332707904,
        "recall_macro": 0.9827777777777778,
        "f1_macro": 0.9836120905540048,
        "precision_per_class": {
            "glioma": 0.9802631578947368,
            "meningioma": 0.9897260273972602,
            "notumor": 0.9759036144578314,
            "pituitary": 0.9933333333333333
        },
        "recall_per_class": {
            "glioma": 0.9933333333333333,
            "meningioma": 0.9444444444444444,
            "notumor": 1.0,
            "pituitary": 0.9933333333333333
        },
        "f1_per_class": {
            "glioma": 0.9867549668874173,
            "meningioma": 0.9665551839464883,
            "notumor": 0.9878048780487805,
            "pituitary": 0.9933333333333333
        },
        "average_confidence": 0.9013910293579102
    }
}