{
    "vgg19": {
        "accuracy": 0.9412662090007627,
        "roc_auc_macro": 0.9934835307345207,
        "precision_macro": 0.9398889871019191,
        "recall_macro": 0.9372948438634713,
        "f1_macro": 0.935666997162554,
        "precision_per_class": {
            "glioma": 0.8579881656804734,
            "meningioma": 0.9604743083003953,
            "notumor": 0.9950617283950617,
            "pituitary": 0.946031746031746
        },
        "recall_per_class": {
            "glioma": 0.9666666666666667,
            "meningioma": 0.7941176470588235,
            "notumor": 0.9950617283950617,
            "pituitary": 0.9933333333333333
        },
        "f1_per_class": {
            "glioma": 0.9090909090909091,
            "meningioma": 0.8694096601073346,
            "notumor": 0.9950617283950617,
            "pituitary": 0.9691056910569106
        }
    },
    "resnet50": {
        "accuracy": 0.9763539282990084,
        "roc_auc_macro": 0.9985221642475106,
        "precision_macro": 0.9756196257907581,
        "recall_macro": 0.9743790849673203,
        "f1_macro": 0.9749433832632579,
        "precision_per_class": {
            "glioma": 0.9829351535836177,
            "meningioma": 0.9451612903225807,
            "notumor": 0.9878048780487805,
            "pituitary": 0.9865771812080537
        },
        "recall_per_class": {
            "glioma": 0.96,
            "meningioma": 0.9575163398692811,
            "notumor": 1.0,
            "pituitary": 0.98
        },
        "f1_per_class": {
            "glioma": 0.9713322091062394,
            "meningioma": 0.9512987012987013,
            "notumor": 0.9938650306748467,
            "pituitary": 0.9832775919732442
        }
    },
    "efficientnet_b0": {
        "accuracy": 0.9855072463768116,
        "roc_auc_macro": 0.9995357710452815,
        "precision_macro": 0.986210788442092,
        "recall_macro": 0.9844281045751634,
        "f1_macro": 0.9851700401939172,
        "precision_per_class": {
            "glioma": 0.9867549668874173,
            "meningioma": 0.9897610921501706,
            "notumor": 0.9782608695652174,
            "pituitary": 0.9900662251655629
        },
        "recall_per_class": {
            "glioma": 0.9933333333333333,
            "meningioma": 0.9477124183006536,
            "notumor": 1.0,
            "pituitary": 0.9966666666666667
        },
        "f1_per_class": {
            "glioma": 0.9900332225913622,
            "meningioma": 0.9682804674457429,
            "notumor": 0.989010989010989,
            "pituitary": 0.9933554817275747
        }
    },
    "ensemble": {
        "accuracy": 0.9862700228832952,
        "roc_auc_macro": 0.9994594760711776,
        "precision_macro": 0.9859102005865844,
        "recall_macro": 0.9851960784313726,
        "f1_macro": 0.9855165272723057,
        "precision_per_class": {
            "glioma": 0.9866220735785953,
            "meningioma": 0.98,
            "notumor": 0.9902200488997555,
            "pituitary": 0.9867986798679867
        },
        "recall_per_class": {
            "glioma": 0.9833333333333333,
            "meningioma": 0.9607843137254902,
            "notumor": 1.0,
            "pituitary": 0.9966666666666667
        },
        "f1_per_class": {
            "glioma": 0.9849749582637729,
            "meningioma": 0.9702970297029703,
            "notumor": 0.995085995085995,
            "pituitary": 0.9917081260364843
        },
        "average_confidence": 0.9816508889198303
    }
}